survey_year,pair_key,src_var,mean,pct_high,pct_top,n,na_rate
2014,poverty,q38_1,3.154,85.6,30.5,7500,0.0
2014,ideology,q38_2,3.241,85.2,40.0,7500,0.0
2014,labor,q38_3,2.992,79.0,21.6,7500,0.0
2014,region,q38_4,2.778,65.1,14.4,7500,0.0
2014,develop,q38_5,2.876,71.5,17.7,7500,0.0
2014,age,q38_6,2.744,62.3,14.4,7500,0.0
2014,gender,q38_7,2.497,47.3,6.2,7500,0.0
2014,religion,q38_8,2.688,59.9,12.3,7500,0.0
2015,poverty,q41_1,3.123,84.1,29.0,7700,0.0
2015,ideology,q41_2,3.239,86.7,37.8,7700,0.0
2015,labor,q41_3,3.024,81.7,21.8,7700,0.0
2015,region,q41_4,2.755,64.2,13.5,7700,0.0
2015,develop,q41_5,2.915,74.6,18.6,7700,0.0
2015,age,q41_6,2.774,65.1,15.2,7700,0.0
2015,gender,q41_7,2.478,45.2,7.7,7700,0.0
2015,religion,q41_8,2.641,55.6,13.0,7700,0.0
2016,poverty,q43_1,3.145,85.8,29.3,8000,0.0
2016,ideology,q43_2,3.231,86.2,38.0,8000,0.0
2016,labor,q43_3,3.056,81.8,24.7,8000,0.0
2016,region,q43_4,2.725,60.8,13.7,8000,0.0
2016,develop,q43_5,2.86,69.1,18.7,8000,0.0
2016,age,q43_6,2.756,63.8,14.5,8000,0.0
2016,gender,q43_7,2.527,49.8,7.5,8000,0.0
2016,religion,q43_8,2.627,57.0,10.4,8000,0.0
2017,poverty,q42_1,3.121,85.5,27.2,8000,0.0
2017,ideology,q42_2,3.302,88.0,43.1,8000,0.0
2017,labor,q42_3,2.973,77.1,21.4,8000,0.0
2017,region,q42_4,2.691,59.4,11.6,8000,0.0
2017,develop,q42_5,2.797,66.7,15.0,8000,0.0
2017,age,q42_6,2.734,62.3,13.7,8000,0.0
2017,gender,q42_7,2.539,48.9,8.6,8000,0.0
2017,religion,q42_8,2.642,56.2,11.3,8000,0.0
2018,poverty,q45_1,3.043,82.4,22.9,8000,0.0
2018,ideology,q45_2,3.289,87.3,42.7,8000,0.0
2018,labor,q45_3,2.961,76.2,21.5,8000,0.0
2018,region,q45_4,2.705,60.4,13.2,8000,0.0
2018,develop,q45_5,2.873,70.7,19.1,8000,0.0
2018,age,q45_6,2.759,64.5,14.7,8000,0.0
2018,gender,q45_7,2.585,52.0,11.5,8000,0.0
2018,religion,q45_8,2.675,58.5,13.0,8000,0.0
2018,foreigner,q45_9,2.613,56.5,7.6,8000,0.0
2019,poverty,q46_1,2.958,80.1,16.6,8000,0.0
2019,ideology,q46_2,3.295,85.1,46.3,8000,0.0
2019,labor,q46_3,2.935,76.6,18.8,8000,0.0
2019,region,q46_4,2.748,63.8,14.1,8000,0.0
2019,develop,q46_5,2.799,66.3,15.5,8000,0.0
2019,age,q46_6,2.76,64.1,14.4,8000,0.0
2019,gender,q46_7,2.624,54.9,11.7,8000,0.0
2019,religion,q46_8,2.641,56.7,11.4,8000,0.0
2019,foreigner,q46_9,2.576,54.1,6.8,8000,0.0
2020,poverty,q45_1,3.022,82.7,20.4,8336,0.0
2020,ideology,q45_2,3.306,85.4,46.6,8336,0.0
2020,labor,q45_3,2.894,74.2,16.8,8336,0.0
2020,region,q45_4,2.735,62.7,13.1,8336,0.0
2020,develop,q45_5,2.844,68.5,17.9,8336,0.0
2020,age,q45_6,2.691,60.9,11.1,8336,0.0
2020,gender,q45_7,2.527,48.8,8.7,8336,0.0
2020,religion,q45_8,2.632,55.4,10.5,8336,0.0
2020,foreigner,q45_9,2.508,49.4,4.1,8336,0.0
2021,poverty,q48_1,2.987,81.2,18.6,8077,0.0
2021,ideology,q48_2,3.15,78.9,37.8,8077,0.0
2021,labor,q48_3,2.884,71.0,19.2,8077,0.0
2021,region,q48_4,2.736,61.1,14.9,8077,0.0
2021,develop,q48_5,2.811,66.5,16.5,8077,0.0
2021,age,q48_6,2.692,60.5,11.8,8077,0.0
2021,gender,q48_7,2.56,51.7,9.9,8077,0.0
2021,religion,q48_8,2.602,55.5,8.7,8077,0.0
2021,foreigner,q48_9,2.567,55.0,3.9,8077,0.0
2022,poverty,q49_1,2.994,81.8,18.4,8294,0.0
2022,ideology,q49_2,3.238,82.6,42.7,8294,0.0
2022,labor,q49_3,2.878,73.2,16.0,8294,0.0
2022,region,q49_4,2.665,58.6,10.9,8294,0.0
2022,develop,q49_5,2.818,67.4,16.5,8294,0.0
2022,age,q49_6,2.673,59.6,10.3,8294,0.0
2022,gender,q49_7,2.484,47.2,6.1,8294,0.0
2022,religion,q49_8,2.587,54.8,7.6,8294,0.0
2022,foreigner,q49_9,2.52,51.0,3.1,8294,0.0
2023,poverty,q45_1,2.912,76.1,16.6,8221,0.0
2023,ideology,q45_2,3.275,82.9,46.6,8221,0.0
2023,labor,q45_3,2.814,68.9,14.9,8221,0.0
2023,region,q45_4,2.642,56.8,10.9,8221,0.0
2023,develop,q45_5,2.717,61.4,13.8,8221,0.0
2023,age,q45_6,2.584,55.2,8.6,8221,0.0
2023,gender,q45_7,2.382,42.2,4.9,8221,0.0
2023,religion,q45_8,2.389,42.3,5.3,8221,0.0
2023,foreigner,q45_9,2.363,39.5,2.7,8221,0.0
2024,poverty,q46_1,2.876,74.8,14.2,8251,0.0
2024,ideology,q46_2,3.119,77.5,36.6,8251,0.0
2024,labor,q46_3,2.796,66.4,16.5,8251,0.0
2024,region,q46_4,2.671,58.6,11.9,8251,0.0
2024,develop,q46_5,2.723,61.9,13.6,8251,0.0
2024,age,q46_6,2.65,58.3,9.9,8251,0.0
2024,gender,q46_7,2.563,51.7,9.7,8251,0.0
2024,religion,q46_8,2.531,51.8,6.7,8251,0.0
2024,foreigner,q46_9,2.552,53.9,4.9,8251,0.0
